origin,origin_climate_group,weather_intensity_bin,normal_route_days,high_workload_route_days,normal_arrivals,high_workload_arrivals,normal_arr15_rate,high_workload_arr15_rate,raw_gap_high_minus_normal,raw_gap_se,raw_gap_ci_low,raw_gap_ci_high
ABQ,Western dry / high-altitude,W1 mild,1758,758,5589,2698,0.14439076757917338,0.20570793180133431,0.061317164222160936,0.009092028678448537,0.0434967880124018,0.07913754043192006
ABQ,Western dry / high-altitude,W2 moderate,1603,835,4497,2629,0.16144096064042696,0.200076074553062,0.03863511391263505,0.009538397246011904,0.01993985531045172,0.05733037251481838
ABQ,Western dry / high-altitude,W3 severe,1611,612,4336,1790,0.1930350553505535,0.2346368715083799,0.04160181615782638,0.011672650343880415,0.018723421483820762,0.06448021083183199
ABQ,Western dry / high-altitude,W4 extreme,1229,340,3287,864,0.26041983571645877,0.2361111111111111,-0.024308724605347665,0.016350778095208404,-0.056356249671956134,0.007738800461260804
ATL,Humid subtropical / thunderstorm,W1 mild,3468,1286,38989,16012,0.20185180435507452,0.2852860354733949,0.0834342311183204,0.004106847937718149,0.07538480916039283,0.09148365307624798
ATL,Humid subtropical / thunderstorm,W2 moderate,3641,1480,39245,17652,0.23781373423366034,0.3052911851348289,0.06747745090116855,0.004078433358545388,0.05948372151841959,0.07547118028391751
ATL,Humid subtropical / thunderstorm,W3 severe,3681,1233,39692,14420,0.2660737680137055,0.3883495145631068,0.12227574654940127,0.004625191415546203,0.1132103713749307,0.13134112172387183
ATL,Humid subtropical / thunderstorm,W4 extreme,4902,1190,52188,14432,0.30903656012876524,0.3513719512195122,0.042335391090746965,0.004459100791815033,0.0335955535387895,0.05107522864270443
AUS,Humid subtropical / thunderstorm,W1 mild,3639,1443,18341,8453,0.18728531704923396,0.2621554477700225,0.07487013072078852,0.005584072335895033,0.06392534894243426,0.08581491249914278
AUS,Humid subtropical / thunderstorm,W2 moderate,3790,1391,18377,7921,0.20912009577188878,0.3038757732609519,0.0947556774890631,0.00597539998041435,0.08304389352745098,0.10646746145067523
AUS,Humid subtropical / thunderstorm,W3 severe,3243,1246,15761,7085,0.22961741006281328,0.33083980239943545,0.10122239233662217,0.0065169360535753396,0.08844919767161451,0.11399558700162983
AUS,Humid subtropical / thunderstorm,W4 extreme,3358,923,16273,5293,0.24961592822466663,0.3659550349518232,0.11633910672715655,0.007439613875156515,0.10175746353184978,0.13092074992246333
BHM,Humid subtropical / thunderstorm,W1 mild,1167,760,2775,1938,0.16684684684684684,0.1996904024767802,0.03284355562993335,0.011513329853744892,0.010277429116593365,0.05540968214327334
BHM,Humid subtropical / thunderstorm,W2 moderate,1240,745,3024,1926,0.20667989417989419,0.2481827622014538,0.041502868021559614,0.012292242215385456,0.01741007327940412,0.0655956627637151
BHM,Humid subtropical / thunderstorm,W3 severe,1170,574,2821,1548,0.23821339950372208,0.28229974160206717,0.04408634209834508,0.013971767206314028,0.01670167837396959,0.07147100582272058
BHM,Humid subtropical / thunderstorm,W4 extreme,1129,346,2983,1101,0.26952732148843445,0.3142597638510445,0.044732442362610036,0.01617816809091758,0.013023232904411583,0.07644165182080849
BNA,Humid subtropical / thunderstorm,W1 mild,3722,1605,20879,9830,0.18348579912831076,0.27009155645981686,0.0866057573315061,0.005218306232639809,0.07637787711553208,0.09683363754748013
BNA,Humid subtropical / thunderstorm,W2 moderate,3434,1322,18126,7828,0.20103718415535696,0.28436382217680123,0.08332663802144427,0.005904060308407604,0.07175467981696537,0.09489859622592317
BNA,Humid subtropical / thunderstorm,W3 severe,3492,1180,17997,6909,0.23448352503194977,0.30887248516427845,0.07438896013232868,0.006393071244598101,0.061858540492916406,0.08691937977174095
BNA,Humid subtropical / thunderstorm,W4 extreme,3369,757,17276,4495,0.28970826580226905,0.3610678531701891,0.07135958736792003,0.007952005242632062,0.05577365709236119,0.08694551764347887
BOI,Western dry / high-altitude,W1 mild,1401,595,4924,2290,0.12246141348497157,0.17641921397379912,0.05395780048882755,0.00923430904717368,0.035858554756367136,0.07205704622128796
BOI,Western dry / high-altitude,W2 moderate,1431,534,4859,1977,0.14365095698703437,0.18614061709661103,0.042489660109576666,0.010096750474358762,0.022700029179833492,0.06227929103931984
BOI,Western dry / high-altitude,W3 severe,1473,471,5095,1749,0.17585868498527968,0.2064036592338479,0.030544974248568224,0.011049896079731255,0.008887177932294966,0.05220277056484148
BOI,Western dry / high-altitude,W4 extreme,1589,273,5529,1067,0.24995478386688372,0.2774133083411434,0.0274585244742597,0.014892146205982264,-0.00173008208946554,0.05664713103798494
BOS,Cold/snowbelt,W1 mild,3003,1126,25709,10363,0.16126648255474738,0.2302422078548683,0.06897572530012092,0.004728999730912524,0.05970688582753237,0.07824456477270947
BOS,Cold/snowbelt,W2 moderate,2929,1143,24389,10534,0.1973430644962893,0.29561420163280805,0.09827113713651875,0.005124623257287448,0.08822687555223535,0.10831539872080215
BOS,Cold/snowbelt,W3 severe,3098,1027,25630,9774,0.2276628950448693,0.2864743196234909,0.058811424578621596,0.005270079404457163,0.048482068945885554,0.06914078021135764
BOS,Cold/snowbelt,W4 extreme,4607,1251,38360,12848,0.3191345151199166,0.35421855541718555,0.03508404029726897,0.004844438840263207,0.025588940170353083,0.04457914042418486
BUF,Cold/snowbelt,W1 mild,1396,944,3809,2769,0.13756891572591232,0.17876489707475623,0.04119598134884392,0.009174239906528258,0.023214471132048532,0.059177491565639305
BUF,Cold/snowbelt,W2 moderate,1739,816,4791,2346,0.1648925067835525,0.2280477408354646,0.06315523405191212,0.010187306413314225,0.04318811348181624,0.083122354622008
BUF,Cold/snowbelt,W3 severe,1919,667,5196,1854,0.20207852193995382,0.25674217907227614,0.054663657132322324,0.011574046274093475,0.03197852643509912,0.07734878782954553
BUF,Cold/snowbelt,W4 extreme,2895,524,7735,1589,0.30433096315449254,0.3108873505349276,0.006556387380435069,0.012735601148448211,-0.018405390870523425,0.03151816563139356
BWI,Northeast dense metro,W1 mild,2837,1168,14643,6598,0.17831045550775115,0.2785692634131555,0.10025880790540437,0.0063611990953506906,0.08779085767851702,0.11272675813229172
BWI,Northeast dense metro,W2 moderate,2805,1156,13524,6463,0.2168737060041408,0.3196657898808603,0.10279208387671951,0.006797670147648665,0.08946865038732812,0.11611551736611089
BWI,Northeast dense metro,W3 severe,3022,1030,14084,5526,0.23984663447884125,0.35685848715164675,0.1170118526728055,0.007380924613973789,0.10254524042941687,0.13147846491619414
BWI,Northeast dense metro,W4 extreme,3469,843,16270,4626,0.32003687768899813,0.35365326415910076,0.03361638647010262,0.007923869800515711,0.018085601661091827,0.049147171279113416
CHS,Humid subtropical / thunderstorm,W1 mild,1925,963,5888,3120,0.16270380434782608,0.21634615384615385,0.053642349498327774,0.008802102464205055,0.03639022866848586,0.07089447032816969
CHS,Humid subtropical / thunderstorm,W2 moderate,1746,1012,5211,3246,0.17731721358664365,0.2575477510782502,0.08023053749160652,0.009322140236947933,0.061959142627188574,0.09850193235602447
CHS,Humid subtropical / thunderstorm,W3 severe,1693,756,4852,2502,0.20548227535037097,0.29216626698641085,0.08668399163603988,0.01078442251589823,0.06554652350487934,0.10782145976720041
CHS,Humid subtropical / thunderstorm,W4 extreme,1872,474,5744,1724,0.26497214484679665,0.35846867749419953,0.09349653264740287,0.012934436278894915,0.06814503754076884,0.11884802775403691
CLT,Humid subtropical / thunderstorm,W1 mild,3095,1280,22969,10717,0.23627497931995298,0.30586917980778205,0.06959420048782908,0.005259951010630296,0.059284696506993695,0.07990370446866446
CLT,Humid subtropical / thunderstorm,W2 moderate,3103,1241,21886,10087,0.26807091291236407,0.3503519381381977,0.08228102522583364,0.005615093802468062,0.07127544137299624,0.09328660907867103
CLT,Humid subtropical / thunderstorm,W3 severe,3345,1195,23025,9469,0.28134636264929425,0.3671982257894181,0.08585186314012383,0.005772413859910726,0.07453793197469881,0.09716579430554885
CLT,Humid subtropical / thunderstorm,W4 extreme,4083,924,28566,7398,0.31614506756283695,0.4341713976750473,0.11802633011221036,0.006385570386234417,0.1055106121551909,0.1305420480692298
DCA,Northeast dense metro,W1 mild,3171,1183,21149,7965,0.19556480211830346,0.2192090395480226,0.023644237429719134,0.00537839932397758,0.013102574754723078,0.034185900104715186
DCA,Northeast dense metro,W2 moderate,2955,1162,18336,7739,0.22196771378708552,0.27096524098720765,0.048997527200122126,0.005911360510786573,0.03741126059898044,0.06058379380126381
DCA,Northeast dense metro,W3 severe,2812,1100,16927,6949,0.26082589945058193,0.28968196862857964,0.028856069177997712,0.006403183729494133,0.016305829068189212,0.04140630928780621
DCA,Northeast dense metro,W4 extreme,3080,985,19041,6735,0.3322829683314952,0.37357089829250184,0.041287929961006664,0.006811642993546297,0.027937109693655923,0.0546387502283574
DEN,Western dry / high-altitude,W1 mild,4128,1797,42135,20162,0.19316482734069063,0.3070131931356016,0.11384836579491098,0.0037750771657660462,0.10644921455000952,0.12124751703981243
DEN,Western dry / high-altitude,W2 moderate,3636,1502,37277,16856,0.22322075274297826,0.3490745135263408,0.12585376078336252,0.004258125884449511,0.11750783404984148,0.13419968751688358
DEN,Western dry / high-altitude,W3 severe,3606,1223,37423,13970,0.2595462683376533,0.3369362920544023,0.07739002371674897,0.004596470421934132,0.06838094168975807,0.08639910574373987
DEN,Western dry / high-altitude,W4 extreme,4582,668,45921,7517,0.3628187539469959,0.3859252361314354,0.023106482184439503,0.006046579652156297,0.011255186066213162,0.034957778302665846
DFW,Humid subtropical / thunderstorm,W1 mild,3659,1672,34980,17259,0.24479702687249857,0.35581435772640363,0.11101733085390506,0.004308793041196983,0.10257209649315897,0.11946256521465114
DFW,Humid subtropical / thunderstorm,W2 moderate,4070,1317,38416,13473,0.2855581007913369,0.37081570548504417,0.08525760469370725,0.004756850900153819,0.07593417692940577,0.09458103245800872
DFW,Humid subtropical / thunderstorm,W3 severe,4069,876,37819,9348,0.340305137629234,0.41452717158750535,0.07422203395827137,0.00564785606661747,0.06315223606770114,0.0852918318488416
DFW,Humid subtropical / thunderstorm,W4 extreme,4237,596,37907,6477,0.37085498720552934,0.4193299366990891,0.04847494949355974,0.0066142639717020986,0.03551099210902363,0.06143890687809585
DTW,Cold/snowbelt,W1 mild,3198,1361,19362,8800,0.160882140274765,0.24852272727272728,0.08764058699796229,0.005309897059621493,0.07723318876110416,0.09804798523482042
DTW,Cold/snowbelt,W2 moderate,3521,1280,21327,8407,0.18164767665400666,0.24515284881646246,0.0635051721624558,0.005383483056144586,0.05295354537241241,0.07405679895249918
DTW,Cold/snowbelt,W3 severe,3797,1155,22550,7541,0.21024390243902438,0.26017769526587986,0.04993379282685548,0.005734842562772258,0.038693501403821856,0.0611740842498891
DTW,Cold/snowbelt,W4 extreme,4363,893,25438,5840,0.3154729145373064,0.27756849315068494,-0.03790442138662148,0.006544127003555044,-0.05073091031358937,-0.025077932459653594
EWR,Northeast dense metro,W1 mild,2873,1258,21079,9981,0.20399449689264196,0.2290351668169522,0.025040669924310255,0.0050393309389041826,0.015163581284058057,0.03491775856456245
EWR,Northeast dense metro,W2 moderate,2796,1076,20499,8621,0.23342602078150154,0.2832618025751073,0.04983578179360576,0.00568147203404297,0.03870009660688154,0.06097146698032998
EWR,Northeast dense metro,W3 severe,2769,1004,20609,7723,0.26658256101703137,0.300401398420303,0.03381883740327163,0.0060579874959858695,0.021945181911139325,0.04569249289540393
EWR,Northeast dense metro,W4 extreme,4079,967,28862,7944,0.34872843184810476,0.3199899295065458,-0.028738502341558947,0.0059380425548124114,-0.040377065748991275,-0.01709993893412662
FLL,Tropical / Florida,W1 mild,4503,1092,23253,7228,0.2244441577430869,0.2635583840619812,0.039114226318894274,0.0058599600419858315,0.027628704636602046,0.0505997480011865
FLL,Tropical / Florida,W2 moderate,3739,991,19534,5776,0.2505375243165762,0.29605263157894735,0.045515107262371124,0.006759709460820889,0.03226607671916218,0.05876413780558007
FLL,Tropical / Florida,W3 severe,2859,1023,14626,6173,0.2788185423218925,0.3628705653653005,0.08405202304340798,0.007155468913172354,0.07002730397359017,0.09807674211322578
FLL,Tropical / Florida,W4 extreme,1813,930,9888,6528,0.3024878640776699,0.42003676470588236,0.11754890062821244,0.007658652442183371,0.10253794184153303,0.13255985941489185
HOU,Humid subtropical / thunderstorm,W1 mild,2289,1041,7965,3926,0.1544256120527307,0.2697401935812532,0.11531458152852248,0.008158880332168949,0.09932317607747133,0.13130598697957363
HOU,Humid subtropical / thunderstorm,W2 moderate,2433,974,8034,3476,0.20711974110032363,0.286536248561565,0.07941650746124138,0.00890244640453887,0.061967712508345194,0.09686530241413756
HOU,Humid subtropical / thunderstorm,W3 severe,2628,913,8421,3226,0.23785773661085383,0.35151890886546805,0.11366117225461422,0.00960148990798225,0.09484225203496902,0.13248009247425943
HOU,Humid subtropical / thunderstorm,W4 extreme,2212,516,7365,1815,0.2510522742701969,0.36143250688705236,0.11038023261685548,0.012356842094955996,0.08616082211074172,0.13459964312296924
IAD,Northeast dense metro,W1 mild,2949,1137,10413,4505,0.1669067511764141,0.23951165371809102,0.07260490254167692,0.007333847452290591,0.05823056153518737,0.08697924354816648
IAD,Northeast dense metro,W2 moderate,2713,1144,9826,4688,0.1840016283329941,0.24680034129692832,0.06279871296393422,0.0074116577751605585,0.04827186372461952,0.0773255622032489
IAD,Northeast dense metro,W3 severe,2736,1119,10476,4918,0.2148720885834288,0.2657584383895893,0.0508863498061605,0.007468637866143088,0.036247819588520046,0.06552488002380095
IAD,Northeast dense metro,W4 extreme,3113,905,11654,4386,0.2761283679423374,0.31919744642042863,0.043069078478091216,0.008166866226234429,0.027062020674671734,0.0590761362815107
IAH,Humid subtropical / thunderstorm,W1 mild,3212,1321,21397,9395,0.18937234191709118,0.2906865353911655,0.10131419347407433,0.005396382631658853,0.09073728351602298,0.11189110343212569
IAH,Humid subtropical / thunderstorm,W2 moderate,3244,1273,20973,8886,0.22929480760978402,0.325118163403106,0.09582335579332199,0.005754856488759673,0.08454383707535303,0.10710287451129095
IAH,Humid subtropical / thunderstorm,W3 severe,3611,1037,23672,7636,0.24873267995944576,0.33643268727082243,0.08770000731137667,0.006093428155861649,0.07575688812588784,0.0996431264968655
IAH,Humid subtropical / thunderstorm,W4 extreme,4084,897,26308,6197,0.2836779686787289,0.39067290624495726,0.10699493756622835,0.0067924536843490995,0.09368172834490412,0.12030814678755258
JFK,Northeast dense metro,W1 mild,2962,1231,20148,8585,0.18408775064522534,0.1947582993593477,0.010670548714122347,0.005071728047734137,0.0007299617405634382,0.020611135687681255
JFK,Northeast dense metro,W2 moderate,2958,988,20061,7242,0.21025871093165843,0.23916045291355978,0.028901741981901347,0.005779557647777752,0.017573808992256953,0.04022967497154574
JFK,Northeast dense metro,W3 severe,2994,913,22151,7237,0.2475283282921764,0.2622633687992262,0.014735040507049768,0.0059282017189509545,0.003115765137905898,0.026354315876193638
JFK,Northeast dense metro,W4 extreme,4322,1087,31069,9131,0.3314557919469568,0.3047858942065491,-0.026669897740407678,0.005507994549184981,-0.03746556705681024,-0.015874228424005113
LAS,Western dry / high-altitude,W1 mild,4013,1592,31392,14472,0.1925012742099898,0.2562189054726368,0.06371763126264701,0.004256755224311427,0.055374391022996614,0.07206087150229741
LAS,Western dry / high-altitude,W2 moderate,3312,1228,28021,12176,0.2094143677955819,0.269053876478318,0.059639508682736125,0.004696827680999279,0.05043372642797754,0.06884529093749471
LAS,Western dry / high-altitude,W3 severe,2688,961,25489,10860,0.24237906547922633,0.3237569060773481,0.08137784059812175,0.005231100488547199,0.07112488364056924,0.09163079755567427
LAS,Western dry / high-altitude,W4 extreme,2030,557,18329,6056,0.27704730208958483,0.36492734478203437,0.08788004269244953,0.007014009394935107,0.07413258427837673,0.10162750110652234
LAX,Pacific low-cloud,W1 mild,2352,779,24877,8965,0.14736503597700687,0.20200780814277747,0.0546427721657706,0.004799156536396172,0.045236425354434104,0.06404911897710709
LAX,Pacific low-cloud,W2 moderate,4110,1262,43883,14723,0.15548162158466833,0.2094681790395979,0.053986557454929585,0.0037735027014824327,0.04659049216002402,0.06138262274983515
LAX,Pacific low-cloud,W3 severe,5435,2174,58134,25284,0.17774452127842572,0.2233032747982914,0.045558753519865686,0.003061645799980055,0.03955792775190478,0.05155957928782659
LAX,Pacific low-cloud,W4 extreme,5646,2143,62017,26485,0.21008755663769613,0.25293562393807817,0.04284806730038204,0.0031321663043016286,0.03670902134395085,0.048987113256813236
LGA,Northeast dense metro,W1 mild,2050,1057,22234,12425,0.21102815507780875,0.18841046277665996,-0.022617692301148795,0.004449170268511132,-0.03133806602743061,-0.013897318574866976
LGA,Northeast dense metro,W2 moderate,1828,775,19893,9133,0.2561705122404866,0.21602978210883608,-0.04014073013165051,0.0053030601803442665,-0.05053472808512527,-0.029746732178175746
LGA,Northeast dense metro,W3 severe,1747,653,18174,7801,0.3124243424672609,0.23291885655685168,-0.07950548591040923,0.005892631193347398,-0.09105504304937014,-0.06795592877144833
LGA,Northeast dense metro,W4 extreme,2434,884,24912,10606,0.36753371868978807,0.2946445408259476,-0.07288917786384047,0.005378325276337437,-0.08343069540546184,-0.0623476603222191
MCO,Tropical / Florida,W1 mild,4033,1182,33538,11210,0.23459955870952354,0.2503122212310437,0.01571266252152015,0.004700431818456162,0.006499816157346072,0.024925508885694225
MCO,Tropical / Florida,W2 moderate,4023,1156,33568,10534,0.2618267397521449,0.2926713499145624,0.03084461016241752,0.005040806866449341,0.02096462870417681,0.040724591620658224
MCO,Tropical / Florida,W3 severe,3244,1065,26019,9777,0.28425381452015835,0.3191162933415158,0.03486247882135746,0.005481160510186754,0.02411940422139142,0.0456055534213235
MCO,Tropical / Florida,W4 extreme,2271,1109,18404,11285,0.30895457509237123,0.3995569339831635,0.09060235889079227,0.005732375380174177,0.07936690314565088,0.10183781463593365
MIA,Tropical / Florida,W1 mild,4882,1229,32190,9544,0.2478098788443616,0.2775565800502934,0.029746701205931786,0.0051769265661621025,0.019599925136254064,0.039893477275609504
MIA,Tropical / Florida,W2 moderate,3949,966,25849,6411,0.2884444272505706,0.2901263453439401,0.0016819180933694833,0.006329697636599215,-0.010724289274364977,0.014088125461103943
MIA,Tropical / Florida,W3 severe,2889,1067,18311,7289,0.3393042433509912,0.344354506791055,0.005050263440063818,0.006573996392604371,-0.00783476948944075,0.017935296369568386
MIA,Tropical / Florida,W4 extreme,1804,956,12302,7600,0.3414079011542839,0.4047368421052632,0.0633289409509793,0.007069515291480174,0.04947269097967816,0.07718519092228043
MSP,Cold/snowbelt,W1 mild,3813,1864,18647,9900,0.1453316887434976,0.23525252525252524,0.08992083650902763,0.004983347215593182,0.080153475966465,0.09968819705159027
MSP,Cold/snowbelt,W2 moderate,3832,1403,18281,7439,0.19703517313057273,0.24989917999731145,0.05286400686673873,0.005818306453881916,0.041460126217130175,0.06426788751634728
MSP,Cold/snowbelt,W3 severe,3621,1126,17477,6193,0.22274989986839847,0.2799935410947844,0.05724364122638595,0.006516035762995904,0.04447221113091398,0.07001507132185793
MSP,Cold/snowbelt,W4 extreme,3724,732,18190,4163,0.31077515118196813,0.3125150132116262,0.0017398620296580902,0.007961446852594804,-0.013864573801427726,0.01734429786074391
MSY,Humid subtropical / thunderstorm,W1 mild,3578,1109,13402,5090,0.1954932099686614,0.2017681728880157,0.00627496291935431,0.006586139546232105,-0.006633870591260615,0.019183796429969237
MSY,Humid subtropical / thunderstorm,W2 moderate,3129,1226,11488,5364,0.23180710306406685,0.24142431021625652,0.009617207152189666,0.007045773086037012,-0.0041925080964428756,0.023426922400822208
MSY,Humid subtropical / thunderstorm,W3 severe,2805,968,10189,4209,0.2408479733045441,0.3033974815870753,0.0625495082825312,0.008255791080889752,0.04636815776398728,0.07873085880107511
MSY,Humid subtropical / thunderstorm,W4 extreme,2937,841,10589,3731,0.2752856738124469,0.32082551594746717,0.04553984213502027,0.008788758155822666,0.028313876149607845,0.0627658081204327
OAK,Pacific low-cloud,W1 mild,553,397,2570,2044,0.13540856031128404,0.2162426614481409,0.08083410113685685,0.011334480448859966,0.05861851945709132,0.10304968281662238
OAK,Pacific low-cloud,W2 moderate,1457,555,6577,2718,0.13334346966702143,0.19021339220014716,0.05686992253312573,0.008616376947717167,0.03998182371560008,0.07375802135065138
OAK,Pacific low-cloud,W3 severe,2617,926,12035,4783,0.16751142501038638,0.20865565544637257,0.041144230435986195,0.006790367946902976,0.027835109260056362,0.05445335161191603
OAK,Pacific low-cloud,W4 extreme,2014,645,9339,3346,0.2157618588713995,0.23341303048416018,0.01765117161276067,0.008461365583434919,0.001066895069228229,0.034235448156293105
ORD,Cold/snowbelt,W1 mild,4196,1537,43791,17858,0.20275855769450343,0.28037854182999217,0.07761998413548873,0.003871655741531083,0.07003153888208781,0.08520842938888966
ORD,Cold/snowbelt,W2 moderate,3863,1314,39862,15057,0.23034468917766293,0.31752673175267315,0.08718204257501022,0.004340472810131444,0.07867471586715259,0.09568936928286785
ORD,Cold/snowbelt,W3 severe,3793,1075,40032,12935,0.2635141886490807,0.3246231155778894,0.061108926928808704,0.004668787131078737,0.05195810415189438,0.07025974970572303
ORD,Cold/snowbelt,W4 extreme,3961,1021,41144,12278,0.3360149718063387,0.4604170060270402,0.12440203422070151,0.0050652390222728945,0.11447416573704663,0.13432990270435638
PDX,Pacific low-cloud,W1 mild,1982,998,9024,5053,0.14993351063829788,0.20641203245596676,0.05647852181766888,0.0068221276586596016,0.043107151606696065,0.0698498920286417
PDX,Pacific low-cloud,W2 moderate,2614,1130,11585,5735,0.15131635735865342,0.2048823016564952,0.05356594429784178,0.0062841466901472545,0.041249016785153164,0.0658828718105304
PDX,Pacific low-cloud,W3 severe,3906,1017,18048,5762,0.14755097517730498,0.2021867407150295,0.054635765537724534,0.005913052376079492,0.04304618288060873,0.06622534819484034
PDX,Pacific low-cloud,W4 extreme,4224,693,20051,4003,0.19525210712682659,0.21184111916062953,0.016589012033802947,0.007038912246076895,0.002792744031492234,0.03038528003611366
PHL,Northeast dense metro,W1 mild,2845,1150,18079,7867,0.18286409646551247,0.2833354518876319,0.10047135542211941,0.005837488680125337,0.08902987760907374,0.11191283323516507
PHL,Northeast dense metro,W2 moderate,2422,1110,14760,7662,0.22947154471544715,0.29770294962150873,0.06823140490606158,0.006266312476671558,0.05594943245178533,0.08051337736033784
PHL,Northeast dense metro,W3 severe,2795,931,16880,6460,0.25432464454976306,0.3458204334365325,0.09149578888676946,0.006801082869505443,0.0781656664625388,0.10482591131100012
PHL,Northeast dense metro,W4 extreme,3180,640,18992,4407,0.31560657118786856,0.37168141592920356,0.056074844741335006,0.008022770225824758,0.04035021509871848,0.07179947438395154
PHX,Western dry / high-altitude,W1 mild,4115,1290,32652,11783,0.19707828004410144,0.19613001782228634,-0.0009482622218150993,0.004269281039715296,-0.009316053059657079,0.0074195286160268804
PHX,Western dry / high-altitude,W2 moderate,3268,1159,27322,11550,0.2125027450406266,0.21852813852813852,0.00602539348751191,0.004572802420804331,-0.0029372992572645803,0.0149880862322884
PHX,Western dry / high-altitude,W3 severe,2696,990,23798,10097,0.22056475334061687,0.25235218381697533,0.03178743047635846,0.005090164007303217,0.021810709022044152,0.04176415193067276
PHX,Western dry / high-altitude,W4 extreme,1711,719,14613,7590,0.2490932731129816,0.29934123847167327,0.050247965358691665,0.00635870817067388,0.03778489734417086,0.06271103337321247
RDU,Humid subtropical / thunderstorm,W1 mild,2867,1012,14160,5628,0.1690677966101695,0.23294243070362472,0.06387463409345523,0.0064552013014865335,0.051222439542541624,0.07652682864436883
RDU,Humid subtropical / thunderstorm,W2 moderate,2395,1057,10883,5742,0.19764770743361207,0.2427725531173807,0.04512484568376862,0.00682549008466247,0.03174688511783018,0.058502806249707065
RDU,Humid subtropical / thunderstorm,W3 severe,2547,890,11423,4639,0.22419679593801978,0.30157361500323343,0.07737681906521365,0.00778653026109632,0.062115219753464866,0.09263841837696243
RDU,Humid subtropical / thunderstorm,W4 extreme,3438,1012,16083,5529,0.2659329727040975,0.31217218303490685,0.046239210330809355,0.007139550773320853,0.03224569081510048,0.06023272984651823
SAN,Pacific low-cloud,W1 mild,2717,1104,16055,7400,0.15857988165680473,0.24513513513513513,0.0865552534783304,0.005772077836874592,0.0752419809180562,0.0978685260386046
SAN,Pacific low-cloud,W2 moderate,3724,1494,22292,10161,0.166965727615288,0.2577502214348981,0.09078449381961012,0.005006769808992717,0.0809712249939844,0.10059776264523584
SAN,Pacific low-cloud,W3 severe,4164,1324,25601,9391,0.2253036990742549,0.28868065168778617,0.06337695261353127,0.005355729121288152,0.052879723535806486,0.07387418169125605
SAN,Pacific low-cloud,W4 extreme,4049,1241,24785,9501,0.289328222715352,0.4132196610883065,0.12389143837295447,0.005815189293083414,0.11249366735851098,0.13528920938739797
SAT,Humid subtropical / thunderstorm,W1 mild,2682,1238,8995,4692,0.15986659255141744,0.22122762148337596,0.06136102893195852,0.007186837621854672,0.04727482719312337,0.07544723067079367
SAT,Humid subtropical / thunderstorm,W2 moderate,2711,993,8701,3551,0.1820480404551201,0.22866798085046466,0.04661994039534456,0.008172144394891038,0.030602537381358128,0.062637343409331
SAT,Humid subtropical / thunderstorm,W3 severe,2430,697,7671,2388,0.20258114978490419,0.245393634840871,0.042812485055966826,0.00992990518874735,0.023349870886022018,0.06227509922591164
SAT,Humid subtropical / thunderstorm,W4 extreme,2653,513,8584,1645,0.2243709226467847,0.29544072948328265,0.07106980683649794,0.012116596231342838,0.04732127822306598,0.0948183354499299
SEA,Pacific low-cloud,W1 mild,2883,1534,21754,12782,0.16686586374919554,0.26404318572993274,0.0971773219807372,0.0046468910137548195,0.08806941559377775,0.10628522836769665
SEA,Pacific low-cloud,W2 moderate,4175,1394,30809,11993,0.17121620305754812,0.2767447677812057,0.1055285647236576,0.004614686383531078,0.09648377941193668,0.11457335003537851
SEA,Pacific low-cloud,W3 severe,5056,1309,38217,12275,0.19407593479341653,0.28382892057026476,0.08975298577684823,0.0045444881837156115,0.08084578893676564,0.09866018261693082
SEA,Pacific low-cloud,W4 extreme,5951,706,44537,7196,0.2334238947392056,0.31531406336853807,0.08189016862933246,0.005832603436141963,0.07045826589449421,0.09332207136417071
SFO,Pacific low-cloud,W1 mild,1536,405,11249,3602,0.16285892079295938,0.17518045530260967,0.01232153450965029,0.007227328507623034,-0.001844029365290857,0.026487098384591436
SFO,Pacific low-cloud,W2 moderate,2741,855,20804,7778,0.17477408190732552,0.195422987914631,0.020648906007305484,0.005210353531387498,0.010436613085785989,0.03086119892882498
SFO,Pacific low-cloud,W3 severe,6031,2337,47164,20893,0.20206089390212875,0.21748911118556455,0.015428217283435797,0.0034006207033350764,0.008763000704899047,0.022093433861972545
SFO,Pacific low-cloud,W4 extreme,6634,2662,55977,26118,0.2477267449130893,0.28558848303851747,0.037861738125428174,0.0033378074116714646,0.0313196355985521,0.044403840652304245
SJC,Pacific low-cloud,W1 mild,1901,947,9998,5906,0.1228245649129826,0.19183880799187267,0.06901424307889006,0.006084959493076418,0.05708772247246029,0.08094076368531984
SJC,Pacific low-cloud,W2 moderate,1970,895,10896,5614,0.1473935389133627,0.19077306733167082,0.04337952841830811,0.006247587376853936,0.031134257159674397,0.055624799676941825
SJC,Pacific low-cloud,W3 severe,1615,533,9252,3803,0.15358841331603978,0.215882198264528,0.06229378494848822,0.007652605259984475,0.047294678638918654,0.0772928912580578
SJC,Pacific low-cloud,W4 extreme,1291,290,7807,2248,0.210708338670424,0.2833629893238434,0.07265465065341942,0.010565776857263114,0.051945728013183715,0.09336357329365512
SLC,Western dry / high-altitude,W1 mild,3550,1477,17561,7764,0.1545470075736006,0.2193456980937661,0.06479869052016551,0.005430951901899854,0.0541540247924418,0.07544335624788923
SLC,Western dry / high-altitude,W2 moderate,3603,1492,18298,8359,0.1726964695595147,0.2380667543964589,0.06537028483694421,0.0054321422102099805,0.05472328610493265,0.07601728356895578
SLC,Western dry / high-altitude,W3 severe,3502,987,18627,5743,0.19659633864819884,0.23541702942712867,0.03882069077892983,0.00631040449711322,0.026452297964587916,0.05118908359327174
SLC,Western dry / high-altitude,W4 extreme,2904,752,16027,4605,0.2660510388719037,0.32073832790445167,0.05468728903254799,0.007713252861945248,0.039569313423135306,0.06980526464196068
SMF,Western dry / high-altitude,W1 mild,1847,921,8120,4488,0.1438423645320197,0.20254010695187166,0.058697742419851956,0.007152289354916613,0.044679255284215395,0.07271622955548851
SMF,Western dry / high-altitude,W2 moderate,1872,677,9049,3959,0.15294507680406674,0.224046476382925,0.07110139957885825,0.007630814756913639,0.056145002655307516,0.08605779650240898
SMF,Western dry / high-altitude,W3 severe,2237,524,11142,2885,0.18039849219170706,0.21317157712305027,0.032773084931343205,0.0084503554768174,0.0162103881967811,0.04933578166590531
SMF,Western dry / high-altitude,W4 extreme,2422,364,11620,1803,0.20920826161790018,0.30282861896838603,0.09362035735048585,0.011460068931292259,0.07115862224515303,0.11608209245581867
SNA,Pacific low-cloud,W1 mild,1770,736,8937,4268,0.13628734474655924,0.19962511715089035,0.06333777240433111,0.007113858616221511,0.04939460951653695,0.07728093529212528
SNA,Pacific low-cloud,W2 moderate,2384,1056,12317,6181,0.15109198668506943,0.21096909885131856,0.059877112166249136,0.006111023736651602,0.047899505642411994,0.07185471869008628
SNA,Pacific low-cloud,W3 severe,1970,833,10500,5150,0.18123809523809523,0.24155339805825243,0.06031530282015721,0.0070502706938175095,0.04649677226027489,0.07413383338003952
SNA,Pacific low-cloud,W4 extreme,2021,564,10679,3621,0.22530199456877986,0.2526926263463132,0.027390631777533314,0.008276194886341374,0.011169289800304221,0.043611973754762404
TPA,Tropical / Florida,W1 mild,4000,1087,19616,6368,0.20360929853181076,0.22204773869346733,0.018438440161656577,0.005949201339443539,0.006778005536347241,0.030098874786965914
TPA,Tropical / Florida,W2 moderate,3535,1164,16937,6111,0.23923953474641318,0.28375061364752086,0.04451107890110767,0.006633504166537584,0.031509410734694,0.05751274706752134
TPA,Tropical / Florida,W3 severe,2885,1143,13634,6276,0.2553909344286343,0.31134480560866795,0.05595387118003364,0.006936231633802226,0.04235885717778128,0.06954888518228601
TPA,Tropical / Florida,W4 extreme,2228,939,10037,5618,0.2847464381787387,0.3764684941260235,0.09172205594728483,0.007878772672216632,0.07627966150974023,0.10716445038482943
